row,"""Cf_H4AR15P25""","""Cf_Double_Pink""","""Cf_Comco_No1_Cherokee_Brave""","""Cf_Appalachian_Joy""","""Cf_Jeans_Appalachian_Snow""","""Cf_Cherokee_Princess""","""Cf_Kays_Appalachian_Mist""","""Cf_Karens_Appalachian_Blush""","""Cf_Appalachian_Spring_Maryland""","""Cf_Grovflor_Spring_Grove""","""Cf_Pluribracheata_(2)""","""Cf_Cherokee_Chief_(2)""","""Cf_Little_Princess""","""Cf_First_Lady_(2)""","""Cf_Spring_Song""","""Cf_Cloud_Nine""","""Cf_Pygmaea""","""Cf_ssp._urbiniana_Rutgers""","""Cf_H3G2R01P14""","""Cf_50820H_Missouri""","""Cf_50847J_Missouri""","""Cf_66345P_Missouri""","""Cf_66345L_Missouri""","""Cf_66345J_Missouri""","""Cf_Red_Beauty""","""Cf_rubra_H4A""","""Cf_Xanthocarpa""","""Cf_Fastigiata""","""Cf_D9999-0570.001_Ohio""","""Cf_D9999-0573.001_Ohio""","""Cf_D9999-0569.001_Ohio""","""Cf_Encore""","""Cf_Xanthocarpa_Rutgers""","""Cf_439-71*6_Michigan""","""Cf_439-71*4_Michigan""","""Cf_321-51*68_Michigan""","""Cf_321-51*85_Michigan""","""Cf_ssp._urbiniana_Morris""","""Cf_White_Cloud""","""Cf_Super_Princess""","""Cf_Red_Pygmy""","""Cf_H4AR15P28""","""Cf_H4AR15P35""","""Cf_Dixie_Colonnade""","""Cf_Rainbow""","""Cf_Fragrant_Cloud""","""Cf_Jaunita""","""Cf_Pluribracteata_Group""","""Cf_Purple_Glory""","""Cf_Springtime""","""Cf_Sterling_Silver""","""Cf_ssp._urbiniana_USNA""","""Cf_Super""","""Cf_Sweetwater_Red_USNA""","""Cf_ssp._urbiniana_SpringMeadow""","""Cf_Powell_Peach_(2)"""
"""Cf_H4AR15P25""",NA,0.145736222,0.083014746,0.091267147,0.090933658,0.091106291,0.073012439,0.096289274,0.097079502,0.091081594,0.109770972,0.100229327,0.090119435,0.097587422,0.109505806,0.030080305,0.093840033,0.18597605,0.115556761,0.097821675,0.091316147,0.098168597,0.094614658,0.100162866,0.105613701,0.096512571,0.101325758,0.10349026,0.089664613,0.08897904,0.092075064,0.089576547,0.114669562,0.096839821,0.105858311,0.106697397,0.103434289,0.095051379,0.034245652,0.088891896,0.121376321,0.098927463,0.066488614,0.099417727,0.098919649,0.089137332,0.090847549,0.099034145,0.095719629,0.091118957,0.106222412,0.190282223,0.097768936,0.123158928,0.09430605,0.069218593
"""Cf_Double_Pink""",NA,NA,0.058710562,0.119655785,0.11664625,0.114886069,0.109643149,0.051921504,0.110157952,0.111748634,0.119628973,0.003396278,0.117622951,0.12953863,0.003532609,0.123268888,0.118524658,0.215053763,0.068913755,0.113837764,0.113630156,0.07240678,0.065769806,0.127633379,0.04456596,0.060968971,0.114289606,0.117743254,0.110759058,0.116310706,0.112666485,0.116810286,0.128127991,0.12085211,0.123919308,0.119655785,0.115515597,0.118768728,0.114751869,0.109854164,0.055305817,0.044911882,0.111992071,0.129157667,0.123709596,0.11849711,0.039258451,0.108400713,0.037543615,0.108603474,0.128532492,0.21568915,0.114101646,0.086170363,0.113748321,0.026395939
"""Cf_Comco_No1_Cherokee_Brave""",NA,NA,NA,0.074074074,0.077673851,0.076943991,0.062304873,0.063306616,0.074732131,0.071972789,0.086164719,0.05468327,0.073363278,0.083322006,0.038612654,0.046168556,0.079345435,0.16620899,0.065705346,0.078636425,0.080963396,0.071196974,0.067298578,0.087069083,0.063513698,0.040796964,0.080211726,0.082541406,0.073926759,0.075545911,0.076516793,0.076692549,0.087614116,0.078607371,0.082307903,0.085306122,0.079761259,0.081502577,0.077339835,0.074416078,0.073691366,0.067289984,0.073593684,0.080155139,0.077235772,0.076480388,0.052417165,0.074539249,0.066175448,0.074921673,0.084726389,0.168465578,0.079863092,0.096370287,0.07546889,0.052699971
"""Cf_Appalachian_Joy""",NA,NA,NA,NA,0.064816063,0.062584482,0.067439978,0.068439525,0.07227616,0.067911255,0.07995678,0.077513121,0.066558442,0.076476152,0.086353226,0.070759201,0.069904241,0.15403423,0.093859886,0.075479341,0.068461643,0.072004299,0.070803607,0.080330534,0.084338983,0.072266415,0.074743659,0.073964098,0.063370664,0.066576819,0.063786839,0.062982527,0.088211382,0.073447856,0.077874422,0.076579624,0.080534197,0.067458176,0.067734985,0.065487443,0.098783784,0.082429195,0.062088297,0.071443896,0.070671378,0.066817156,0.066954644,0.074094178,0.067597456,0.062965471,0.077261753,0.15649021,0.07371704,0.095231436,0.068054325,0.072904707
"""Cf_Jeans_Appalachian_Snow""",NA,NA,NA,NA,NA,0.065392896,0.065556153,0.06829793,0.07071927,0.061262959,0.08152832,0.077026122,0.06361186,0.076964478,0.090762837,0.072501014,0.066857298,0.155046528,0.09375,0.073069174,0.067716747,0.068029939,0.070902024,0.081973844,0.085436631,0.071256039,0.079237174,0.078710544,0.066612289,0.066863588,0.065800054,0.060528444,0.091546447,0.073650195,0.079940484,0.079170594,0.079463087,0.067284448,0.066353887,0.065985755,0.098801992,0.08401122,0.061993856,0.071657754,0.073191204,0.063165791,0.068942346,0.066981769,0.069767442,0.064968325,0.075629064,0.157256318,0.067024129,0.094402673,0.069452619,0.073920503
"""Cf_Cherokee_Princess""",NA,NA,NA,NA,NA,NA,0.066963083,0.007811448,0.071370859,0.064398542,0.084546926,0.073347663,0.066432622,0.0802644,0.083927371,0.070565884,0.069389428,0.150114811,0.092530055,0.073210193,0.069836553,0.07027897,0.069767442,0.079242732,0.08849797,0.070803607,0.079057239,0.075400566,0.070620314,0.064216478,0.064650538,0.064747229,0.096159048,0.075064129,0.079918589,0.072393301,0.078217555,0.07112069,0.071390159,0.0690213,0.097679439,0.082301632,0.063838723,0.073756432,0.071680376,0.068861825,0.066181426,0.068400379,0.06647359,0.06565793,0.076378064,0.151997684,0.06976086,0.090883708,0.004862237,0.074222668
"""Cf_Kays_Appalachian_Mist""",NA,NA,NA,NA,NA,NA,NA,0.064685315,0.070142435,0.068013468,0.078373283,0.073726542,0.061631827,0.073660113,0.079597315,0.034520103,0.065685473,0.151046145,0.0918766,0.070496435,0.065498652,0.071074823,0.074178404,0.079352227,0.080540541,0.06677415,0.079435484,0.071005917,0.066367469,0.063423811,0.063815525,0.062609634,0.086627985,0.071544058,0.081245768,0.076560183,0.073491872,0.072426767,0.067739772,0.065392896,0.093615302,0.081999438,0.063443264,0.07176521,0.072773109,0.063082007,0.06282793,0.065405405,0.064960088,0.058974359,0.081670205,0.151878613,0.074925921,0.092530658,0.067659198,0.059488059
"""Cf_Karens_Appalachian_Blush""",NA,NA,NA,NA,NA,NA,NA,NA,0.072370191,0.066091179,0.08276048,0.033548041,0.07288433,0.080188679,0.047689414,0.07387827,0.069723018,0.151936872,0.080399299,0.069880167,0.073684211,0.062022773,0.051805127,0.082151061,0.063962137,0.051619841,0.080193757,0.074572621,0.073968124,0.069795589,0.069414608,0.068197164,0.089435288,0.073924187,0.081751627,0.076123633,0.079903148,0.070073974,0.068511553,0.069485591,0.067808035,0.069551777,0.060856184,0.076989063,0.075294118,0.07046274,0.053439225,0.068750846,0.04589938,0.064703499,0.078034273,0.153812762,0.068833922,0.071548117,0.04669318,0.037773644
"""Cf_Appalachian_Spring_Maryland""",NA,NA,NA,NA,NA,NA,NA,NA,NA,0.063182002,0.075090836,0.07075851,0.065050505,0.072389666,0.085154888,0.071873308,0.069491756,0.152722063,0.09161951,0.072734606,0.072208002,0.06727297,0.064485856,0.08323216,0.083457124,0.070498187,0.070295699,0.066657707,0.065226254,0.066747247,0.067301247,0.066208198,0.084176447,0.076084029,0.078245567,0.070619946,0.074402364,0.072253559,0.071466881,0.068960882,0.096700337,0.081403509,0.063957548,0.072497861,0.075658447,0.06753519,0.065626681,0.062702703,0.069098417,0.066648678,0.079813533,0.15301257,0.072809369,0.088870316,0.07109214,0.072888381
"""Cf_Grovflor_Spring_Grove""",NA,NA,NA,NA,NA,NA,NA,NA,NA,NA,0.080825799,0.073223163,0.063142239,0.072835177,0.081909886,0.065960912,0.068607353,0.149095088,0.093353148,0.069165431,0.064315633,0.067569379,0.065752319,0.081157852,0.088434453,0.067456577,0.073719677,0.067511117,0.066421167,0.064368435,0.066406775,0.063294563,0.089297795,0.075219446,0.074280282,0.074854749,0.072861953,0.067070707,0.066299086,0.06366334,0.096138266,0.081879572,0.059210526,0.068743287,0.07216321,0.062133293,0.061362104,0.061078007,0.069821995,0.062592943,0.071803604,0.153188406,0.060820368,0.092077686,0.067789101,0.071438818
"""Cf_Pluribracheata_(2)""",NA,NA,NA,NA,NA,NA,NA,NA,NA,NA,NA,0.080413478,0.083592167,0.083569214,0.093170207,0.082180635,0.089692833,0.167479908,0.108140948,0.082715883,0.081533477,0.078005629,0.080972204,0.094497769,0.098092274,0.080204549,0.089538172,0.081874495,0.081221041,0.081819405,0.076189196,0.077297297,0.101419878,0.084469033,0.088726089,0.082872182,0.08923284,0.083187508,0.081821846,0.082738175,0.1072585,0.0954456,0.078321678,0.086266094,0.079164561,0.077443609,0.078550256,0.078922431,0.080540615,0.078794432,0.093240754,0.167414267,0.081788595,0.103977669,0.084550686,0.081673592
"""Cf_Cherokee_Chief_(2)""",NA,NA,NA,NA,NA,NA,NA,NA,NA,NA,NA,NA,0.072360457,0.083769634,0.006692545,0.083040778,0.077749083,0.15954253,0.043542535,0.074198309,0.079580589,0.005869014,0.006687174,0.088559892,0.03650815,0.006830967,0.078284182,0.075077088,0.075702076,0.073419078,0.072508361,0.076146912,0.090431974,0.080085998,0.082095598,0.080924855,0.076933387,0.074634865,0.073702515,0.073229614,0.024442654,0.033020848,0.069407666,0.085079094,0.077077748,0.075920934,0.04599705,0.068616878,0.005762107,0.07212056,0.083815437,0.160346071,0.07347973,0.006808392,0.073758448,0.006702795
"""Cf_Little_Princess""",NA,NA,NA,NA,NA,NA,NA,NA,NA,NA,NA,NA,NA,0.070599352,0.086991651,0.062491509,0.066867223,0.149511213,0.088438134,0.071669591,0.071785859,0.066040268,0.070640474,0.074891658,0.080802603,0.065516312,0.072160777,0.072584997,0.067267021,0.06764587,0.065635508,0.062550772,0.086685629,0.069468847,0.073087896,0.070481602,0.074568501,0.065777059,0.065401696,0.066531714,0.095527631,0.081583768,0.06171108,0.006200556,0.067742478,0.062340394,0.06437247,0.064170398,0.067974579,0.064979017,0.074694689,0.152240104,0.070558232,0.092447552,0.063854889,0.069287046
"""Cf_First_Lady_(2)""",NA,NA,NA,NA,NA,NA,NA,NA,NA,NA,NA,NA,NA,NA,0.088832146,0.076318287,0.075494881,0.163171502,0.099082073,0.082053355,0.073279352,0.078933262,0.073088808,0.084312931,0.095425014,0.077492264,0.087910609,0.079978457,0.076189178,0.070947765,0.072915268,0.070260776,0.098161168,0.081894226,0.081004071,0.0784605,0.085060565,0.072812921,0.067042859,0.074488147,0.101281187,0.088020247,0.069071588,0.07598197,0.081017349,0.069690598,0.071678793,0.071206173,0.080347299,0.069063387,0.085139538,0.166014776,0.073691655,0.101926836,0.080159433,0.080384009
"""Cf_Spring_Song""",NA,NA,NA,NA,NA,NA,NA,NA,NA,NA,NA,NA,NA,NA,NA,0.091376048,0.090785355,0.177421663,0.058538555,0.08432926,0.083423036,0.06252505,0.049946438,0.099460916,0.036827195,0.067685297,0.085637584,0.088199758,0.078386089,0.079667382,0.081569783,0.087296241,0.094878706,0.089196825,0.093576741,0.091912259,0.087323944,0.086956522,0.085029459,0.083691564,0.027150538,0.03713565,0.08132236,0.098546387,0.092356688,0.079089275,0.006176984,0.07706843,0.058960968,0.081772868,0.095352451,0.180020211,0.090101523,0.108111869,0.085428613,0.028701985
"""Cf_Cloud_Nine""",NA,NA,NA,NA,NA,NA,NA,NA,NA,NA,NA,NA,NA,NA,NA,NA,0.067124228,0.155645394,0.096997691,0.076850095,0.075095057,0.079131841,0.077962438,0.080897349,0.084388186,0.077131258,0.080736928,0.080184207,0.071105631,0.066450129,0.069333694,0.066721022,0.092849375,0.077225841,0.081593669,0.085155507,0.080005415,0.070113698,0.066333423,0.065718157,0.102536281,0.089533239,0.063212727,0.074822619,0.075960074,0.069897343,0.071825451,0.072469691,0.071339348,0.064437194,0.081789684,0.158071096,0.072515285,0.097865768,0.06902182,0.037010369
"""Cf_Pygmaea""",NA,NA,NA,NA,NA,NA,NA,NA,NA,NA,NA,NA,NA,NA,NA,NA,NA,0.157153232,0.064428064,0.075023871,0.074443382,0.075274651,0.070020394,0.082068117,0.025876232,0.074911468,0.080299932,0.082606325,0.069421488,0.067020842,0.074381289,0.063448653,0.094990419,0.074757414,0.079120879,0.079688354,0.083231167,0.072061027,0.071127431,0.071048684,0.063088898,0.056821418,0.024352258,0.075027027,0.084511842,0.067641682,0.068302658,0.066867635,0.071697587,0.060875513,0.08328555,0.156483516,0.072399485,0.098887167,0.071994025,0.075627812
"""Cf_ssp._urbiniana_Rutgers""",NA,NA,NA,NA,NA,NA,NA,NA,NA,NA,NA,NA,NA,NA,NA,NA,NA,NA,0.190455656,0.159690367,0.153547831,0.151869826,0.152382315,0.172032193,0.1765553,0.159409911,0.164037855,0.158234198,0.154192051,0.149856734,0.148391708,0.150064683,0.184790436,0.157200229,0.171671961,0.156155725,0.162537591,0.149076328,0.152382315,0.151532512,0.192843799,0.170037453,0.151384341,0.171052632,0.16324694,0.155929487,0.149677419,0.15,0.154726952,0.150230017,0.167321051,0.011512679,0.154808562,0.181953544,0.09510402,0.162819141
"""Cf_H3G2R01P14""",NA,NA,NA,NA,NA,NA,NA,NA,NA,NA,NA,NA,NA,NA,NA,NA,NA,NA,NA,0.095495009,0.099202595,0.064922871,0.070314601,0.099729364,0.033152909,0.049919268,0.101455133,0.098678889,0.087858117,0.091190733,0.090591398,0.092752839,0.113817837,0.095771984,0.10320478,0.098892191,0.10025603,0.09524451,0.07313794,0.091878036,0.060855485,0.00322807,0.070598123,0.101184069,0.098280512,0.093768814,0.068509777,0.08379661,0.068561181,0.087785743,0.099318956,0.190724638,0.091913327,0.070280844,0.095554571,0.07839196
"""Cf_50820H_Missouri""",NA,NA,NA,NA,NA,NA,NA,NA,NA,NA,NA,NA,NA,NA,NA,NA,NA,NA,NA,NA,0.070918161,0.071227741,0.067785235,0.08949784,0.086092715,0.07307899,0.073964497,0.072744386,0.071156463,0.069642377,0.067364466,0.068016194,0.082117774,0.073345018,0.081593928,0.072690492,0.075164717,0.075030254,0.075446369,0.070149455,0.092869659,0.083005618,0.072437421,0.081545064,0.071693033,0.065504808,0.067402126,0.070075758,0.071221931,0.068872384,0.086531653,0.160063621,0.077118644,0.099414389,0.074199734,0.070323689
"""Cf_50847J_Missouri""",NA,NA,NA,NA,NA,NA,NA,NA,NA,NA,NA,NA,NA,NA,NA,NA,NA,NA,NA,NA,NA,0.066952905,0.069642377,0.081190798,0.085861322,0.069494949,0.073929437,0.068616878,0.067611778,0.064007546,0.064433683,0.065205628,0.077651515,0.07116813,0.075335958,0.073523449,0.071967655,0.07423875,0.071284465,0.06753842,0.099432586,0.082559775,0.065677076,0.073359073,0.075821398,0.060674496,0.066181426,0.062220415,0.073706004,0.065087957,0.083735453,0.155896841,0.073146576,0.095238095,0.065770027,0.072750753
"""Cf_66345P_Missouri""",NA,NA,NA,NA,NA,NA,NA,NA,NA,NA,NA,NA,NA,NA,NA,NA,NA,NA,NA,NA,NA,NA,0.028948773,0.083008731,0.064945543,0.035962567,0.073281626,0.070022761,0.071873308,0.064981949,0.067547724,0.065950302,0.085706609,0.075241416,0.077379348,0.07097813,0.072766185,0.0690301,0.067832821,0.071906802,0.057924377,0.063163779,0.065368567,0.07780857,0.07425991,0.065171898,0.05690948,0.064316469,0.046333105,0.066630844,0.074668921,0.155030949,0.073215289,0.029811425,0.069931095,0.051702037
"""Cf_66345L_Missouri""",NA,NA,NA,NA,NA,NA,NA,NA,NA,NA,NA,NA,NA,NA,NA,NA,NA,NA,NA,NA,NA,NA,NA,0.084611246,0.059409942,0.041923386,0.0730563,0.070038911,0.067861021,0.064753988,0.071055801,0.070659489,0.084983165,0.07617896,0.076891892,0.072475461,0.076005362,0.068623509,0.066934404,0.069243156,0.057465091,0.054723583,0.062116992,0.079538165,0.070949346,0.069203116,0.05273752,0.06338503,0.040642592,0.062861758,0.075381141,0.152547265,0.071730552,0.035158421,0.069391355,0.04496788
"""Cf_66345J_Missouri""",NA,NA,NA,NA,NA,NA,NA,NA,NA,NA,NA,NA,NA,NA,NA,NA,NA,NA,NA,NA,NA,NA,NA,NA,0.09979661,0.088592233,0.091068538,0.092345079,0.080911448,0.075688073,0.079315917,0.074881517,0.102696112,0.087256494,0.091613429,0.088020552,0.092625051,0.087402212,0.077990302,0.078211536,0.108451657,0.090204369,0.074042911,0.088974855,0.089177343,0.081097377,0.081577526,0.08697422,0.082976075,0.075995665,0.089488636,0.174133681,0.082471305,0.113006993,0.077993192,0.084422111
"""Cf_Red_Beauty""",NA,NA,NA,NA,NA,NA,NA,NA,NA,NA,NA,NA,NA,NA,NA,NA,NA,NA,NA,NA,NA,NA,NA,NA,NA,0.063327032,0.08906609,0.088477644,0.079699248,0.081059173,0.083187272,0.082723081,0.104734771,0.090613572,0.090760648,0.090490382,0.091031875,0.083277095,0.084400701,0.083029074,0.027965415,0.033704696,0.06078046,0.094632464,0.095390849,0.082138004,0.051763752,0.078950944,0.056608997,0.081106741,0.096870555,0.175479372,0.084765015,0.073187797,0.088335557,0.046886236
"""Cf_rubra_H4A""",NA,NA,NA,NA,NA,NA,NA,NA,NA,NA,NA,NA,NA,NA,NA,NA,NA,NA,NA,NA,NA,NA,NA,NA,NA,NA,0.075621222,0.077098724,0.070593036,0.06833132,0.068221418,0.071639785,0.087671972,0.069610879,0.075933947,0.077005924,0.081632653,0.072512421,0.068891569,0.068682796,0.060952637,0.064375877,0.066992324,0.073160266,0.076264069,0.069488219,0.0625,0.06661262,0.034672537,0.070170722,0.083474337,0.163368482,0.075793931,0.039783002,0.074057715,0.039605376
"""Cf_Xanthocarpa""",NA,NA,NA,NA,NA,NA,NA,NA,NA,NA,NA,NA,NA,NA,NA,NA,NA,NA,NA,NA,NA,NA,NA,NA,NA,NA,NA,0.079064139,0.077341308,0.072800537,0.071102764,0.078251484,0.054134123,0.084220455,0.08422478,0.074468085,0.075104125,0.075900054,0.083456326,0.077471419,0.106858914,0.090972905,0.069721951,0.091611242,0.078668684,0.075803062,0.06805649,0.068261692,0.071418742,0.074358974,0.087461081,0.165750651,0.082744987,0.102453304,0.078703021,0.07998283
"""Cf_Fastigiata""",NA,NA,NA,NA,NA,NA,NA,NA,NA,NA,NA,NA,NA,NA,NA,NA,NA,NA,NA,NA,NA,NA,NA,NA,NA,NA,NA,NA,0.069931973,0.06826122,0.06936804,0.068672423,0.088822894,0.075565733,0.081618841,0.077524606,0.080521575,0.073242844,0.075643777,0.071457408,0.103299663,0.086889388,0.069832402,0.083923589,0.070588235,0.072983932,0.067527576,0.065584855,0.067759262,0.069491297,0.084100241,0.161388286,0.075999435,0.093013527,0.072512896,0.081092677
"""Cf_D9999-0570.001_Ohio""",NA,NA,NA,NA,NA,NA,NA,NA,NA,NA,NA,NA,NA,NA,NA,NA,NA,NA,NA,NA,NA,NA,NA,NA,NA,NA,NA,NA,NA,0.038325632,0.028505497,0.066912468,0.086998088,0.07404882,0.077144423,0.07473067,0.077937976,0.069495444,0.069489685,0.066548721,0.092458748,0.079130558,0.065355779,0.075826312,0.074263328,0.064996203,0.06344452,0.062397373,0.066870995,0.062850116,0.079667574,0.156478502,0.068970441,0.093921873,0.072919773,0.073591192
"""Cf_D9999-0573.001_Ohio""",NA,NA,NA,NA,NA,NA,NA,NA,NA,NA,NA,NA,NA,NA,NA,NA,NA,NA,NA,NA,NA,NA,NA,NA,NA,NA,NA,NA,NA,NA,0.039394345,0.064724919,0.08539053,0.070284099,0.075954509,0.073689883,0.072627198,0.06528748,0.067953357,0.064533477,0.093539704,0.07826087,0.060745706,0.075718576,0.07028754,0.062106211,0.059559021,0.062972973,0.064684833,0.062061522,0.075791855,0.151957244,0.067777464,0.089288202,0.069011183,0.067381974
"""Cf_D9999-0569.001_Ohio""",NA,NA,NA,NA,NA,NA,NA,NA,NA,NA,NA,NA,NA,NA,NA,NA,NA,NA,NA,NA,NA,NA,NA,NA,NA,NA,NA,NA,NA,NA,NA,0.062449529,0.085891222,0.073262535,0.074834527,0.072485207,0.067712523,0.06812391,0.070797645,0.065234899,0.097515111,0.080448493,0.063850551,0.073306262,0.06824279,0.062921348,0.064680623,0.063140853,0.067682592,0.061389338,0.080768145,0.148174867,0.073098592,0.093880389,0.061167475,0.070112809
"""Cf_Encore""",NA,NA,NA,NA,NA,NA,NA,NA,NA,NA,NA,NA,NA,NA,NA,NA,NA,NA,NA,NA,NA,NA,NA,NA,NA,NA,NA,NA,NA,NA,NA,NA,0.08262224,0.071245099,0.074340853,0.070588235,0.074453736,0.068365696,0.067465661,0.065578195,0.09527027,0.077898296,0.061842659,0.068304245,0.069256757,0.065600965,0.068728058,0.06554485,0.067578773,0.062677293,0.073543999,0.151348217,0.067318594,0.091468531,0.067849224,0.076790584
"""Cf_Xanthocarpa_Rutgers""",NA,NA,NA,NA,NA,NA,NA,NA,NA,NA,NA,NA,NA,NA,NA,NA,NA,NA,NA,NA,NA,NA,NA,NA,NA,NA,NA,NA,NA,NA,NA,NA,NA,0.099296537,0.098382932,0.080967829,0.084693189,0.09267503,0.090774411,0.089153046,0.120486815,0.098591549,0.088103255,0.099417727,0.089912281,0.086890934,0.075645009,0.083898995,0.087251106,0.083547732,0.099900526,0.185847137,0.094015882,0.113598209,0.094568596,0.089367816
"""Cf_439-71*6_Michigan""",NA,NA,NA,NA,NA,NA,NA,NA,NA,NA,NA,NA,NA,NA,NA,NA,NA,NA,NA,NA,NA,NA,NA,NA,NA,NA,NA,NA,NA,NA,NA,NA,NA,NA,0.061576021,0.083457124,0.084455819,0.071515152,0.072465717,0.071293801,0.101836845,0.091305571,0.069047619,0.076790708,0.079137902,0.072030075,0.069560528,0.073692766,0.078504415,0.067063277,0.083463449,0.159426586,0.078273178,0.098617125,0.077785978,0.075014343
"""Cf_439-71*4_Michigan""",NA,NA,NA,NA,NA,NA,NA,NA,NA,NA,NA,NA,NA,NA,NA,NA,NA,NA,NA,NA,NA,NA,NA,NA,NA,NA,NA,NA,NA,NA,NA,NA,NA,NA,NA,0.087145378,0.082430969,0.073477673,0.082871434,0.076422764,0.104913138,0.093891403,0.076771376,0.088817204,0.085617597,0.078588734,0.076829268,0.071097794,0.07476118,0.073555404,0.090312455,0.173653566,0.081960227,0.101809003,0.07895518,0.084882548
"""Cf_321-51*68_Michigan""",NA,NA,NA,NA,NA,NA,NA,NA,NA,NA,NA,NA,NA,NA,NA,NA,NA,NA,NA,NA,NA,NA,NA,NA,NA,NA,NA,NA,NA,NA,NA,NA,NA,NA,NA,NA,0.05979798,0.081234002,0.074801561,0.072690492,0.102917342,0.089783282,0.07158868,0.084264832,0.074017872,0.06760012,0.069616838,0.068456012,0.07192159,0.077370486,0.085142614,0.15765831,0.076454764,0.093361286,0.075650118,0.080487805
"""Cf_321-51*85_Michigan""",NA,NA,NA,NA,NA,NA,NA,NA,NA,NA,NA,NA,NA,NA,NA,NA,NA,NA,NA,NA,NA,NA,NA,NA,NA,NA,NA,NA,NA,NA,NA,NA,NA,NA,NA,NA,NA,0.080053727,0.08002681,0.076529926,0.103527194,0.08698092,0.073991344,0.085170126,0.079522529,0.069446528,0.069795589,0.074449399,0.077611119,0.076902321,0.088222819,0.16459717,0.082145378,0.098063797,0.07466863,0.078111588
"""Cf_ssp._urbiniana_Morris""",NA,NA,NA,NA,NA,NA,NA,NA,NA,NA,NA,NA,NA,NA,NA,NA,NA,NA,NA,NA,NA,NA,NA,NA,NA,NA,NA,NA,NA,NA,NA,NA,NA,NA,NA,NA,NA,NA,0.072290773,0.067311568,0.092475434,0.08954386,0.064673837,0.072364183,0.079367748,0.06462738,0.066577001,0.067441546,0.071546505,0.066316215,0.081600905,0.152067071,0.076912221,0.09111173,0.073490427,0.076054325
"""Cf_White_Cloud""",NA,NA,NA,NA,NA,NA,NA,NA,NA,NA,NA,NA,NA,NA,NA,NA,NA,NA,NA,NA,NA,NA,NA,NA,NA,NA,NA,NA,NA,NA,NA,NA,NA,NA,NA,NA,NA,NA,NA,0.068581398,0.091776404,0.052042529,0.044472327,0.071794872,0.070410729,0.066766467,0.068160472,0.073924187,0.068543956,0.068138971,0.082356265,0.153290993,0.072032704,0.093184979,0.068372298,0.067685278
"""Cf_Super_Princess""",NA,NA,NA,NA,NA,NA,NA,NA,NA,NA,NA,NA,NA,NA,NA,NA,NA,NA,NA,NA,NA,NA,NA,NA,NA,NA,NA,NA,NA,NA,NA,NA,NA,NA,NA,NA,NA,NA,NA,NA,0.095404932,0.082455401,0.06154707,0.068040352,0.072246548,0.066456172,0.063660834,0.068307859,0.063601322,0.064956111,0.074462061,0.153601388,0.067985866,0.096108244,0.068426486,0.067879135
"""Cf_Red_Pygmy""",NA,NA,NA,NA,NA,NA,NA,NA,NA,NA,NA,NA,NA,NA,NA,NA,NA,NA,NA,NA,NA,NA,NA,NA,NA,NA,NA,NA,NA,NA,NA,NA,NA,NA,NA,NA,NA,NA,NA,NA,NA,0.042287159,0.079098418,0.109556608,0.108413421,0.095875978,0.050667026,0.090785908,0.063991174,0.094954687,0.107345434,0.194347826,0.097381458,0.07809444,0.100428297,0.042537955
"""Cf_H4AR15P28""",NA,NA,NA,NA,NA,NA,NA,NA,NA,NA,NA,NA,NA,NA,NA,NA,NA,NA,NA,NA,NA,NA,NA,NA,NA,NA,NA,NA,NA,NA,NA,NA,NA,NA,NA,NA,NA,NA,NA,NA,NA,NA,0.063740403,0.094774938,0.088230104,0.08488189,0.043685911,0.079096045,0.064353585,0.079374031,0.093209055,0.170142037,0.081563422,0.085556041,0.083731689,0.061245882
"""Cf_H4AR15P35""",NA,NA,NA,NA,NA,NA,NA,NA,NA,NA,NA,NA,NA,NA,NA,NA,NA,NA,NA,NA,NA,NA,NA,NA,NA,NA,NA,NA,NA,NA,NA,NA,NA,NA,NA,NA,NA,NA,NA,NA,NA,NA,NA,0.068561119,0.070476858,0.06053496,0.063627465,0.065907813,0.064881123,0.059640752,0.072184652,0.148604023,0.062178451,0.089156277,0.068949631,0.066577301
"""Cf_Dixie_Colonnade""",NA,NA,NA,NA,NA,NA,NA,NA,NA,NA,NA,NA,NA,NA,NA,NA,NA,NA,NA,NA,NA,NA,NA,NA,NA,NA,NA,NA,NA,NA,NA,NA,NA,NA,NA,NA,NA,NA,NA,NA,NA,NA,NA,NA,0.077844311,0.065330029,0.073384681,0.077601032,0.072129004,0.073228516,0.083625988,0.171150278,0.071966342,0.102367383,0.076837168,0.075907591
"""Cf_Rainbow""",NA,NA,NA,NA,NA,NA,NA,NA,NA,NA,NA,NA,NA,NA,NA,NA,NA,NA,NA,NA,NA,NA,NA,NA,NA,NA,NA,NA,NA,NA,NA,NA,NA,NA,NA,NA,NA,NA,NA,NA,NA,NA,NA,NA,NA,0.06941739,0.069122099,0.065922921,0.072106262,0.071886601,0.08573898,0.163069109,0.077919773,0.094017094,0.06660793,0.072963605
"""Cf_Fragrant_Cloud""",NA,NA,NA,NA,NA,NA,NA,NA,NA,NA,NA,NA,NA,NA,NA,NA,NA,NA,NA,NA,NA,NA,NA,NA,NA,NA,NA,NA,NA,NA,NA,NA,NA,NA,NA,NA,NA,NA,NA,NA,NA,NA,NA,NA,NA,NA,0.06233103,0.068267633,0.067982118,0.064807837,0.083991942,0.154120123,0.072073499,0.089349758,0.064751627,0.07008761
"""Cf_Jaunita""",NA,NA,NA,NA,NA,NA,NA,NA,NA,NA,NA,NA,NA,NA,NA,NA,NA,NA,NA,NA,NA,NA,NA,NA,NA,NA,NA,NA,NA,NA,NA,NA,NA,NA,NA,NA,NA,NA,NA,NA,NA,NA,NA,NA,NA,NA,NA,0.059101975,0.057536132,0.063039957,0.073319179,0.151019818,0.067739204,0.088137009,0.065781711,0.051630435
"""Cf_Pluribracteata_Group""",NA,NA,NA,NA,NA,NA,NA,NA,NA,NA,NA,NA,NA,NA,NA,NA,NA,NA,NA,NA,NA,NA,NA,NA,NA,NA,NA,NA,NA,NA,NA,NA,NA,NA,NA,NA,NA,NA,NA,NA,NA,NA,NA,NA,NA,NA,NA,NA,0.066777271,0.066241347,0.07544484,0.150392328,0.069546742,0.090514829,0.068612922,0.074510932
"""Cf_Purple_Glory""",NA,NA,NA,NA,NA,NA,NA,NA,NA,NA,NA,NA,NA,NA,NA,NA,NA,NA,NA,NA,NA,NA,NA,NA,NA,NA,NA,NA,NA,NA,NA,NA,NA,NA,NA,NA,NA,NA,NA,NA,NA,NA,NA,NA,NA,NA,NA,NA,NA,0.062569061,0.077837368,0.156810434,0.070987211,0.036368802,0.06320712,0.039086517
"""Cf_Springtime""",NA,NA,NA,NA,NA,NA,NA,NA,NA,NA,NA,NA,NA,NA,NA,NA,NA,NA,NA,NA,NA,NA,NA,NA,NA,NA,NA,NA,NA,NA,NA,NA,NA,NA,NA,NA,NA,NA,NA,NA,NA,NA,NA,NA,NA,NA,NA,NA,NA,NA,0.076313181,0.152820067,0.065741003,0.088798769,0.066676523,0.067920735
"""Cf_Sterling_Silver""",NA,NA,NA,NA,NA,NA,NA,NA,NA,NA,NA,NA,NA,NA,NA,NA,NA,NA,NA,NA,NA,NA,NA,NA,NA,NA,NA,NA,NA,NA,NA,NA,NA,NA,NA,NA,NA,NA,NA,NA,NA,NA,NA,NA,NA,NA,NA,NA,NA,NA,NA,0.167477943,0.077518226,0.09766828,0.081311976,0.087313433
"""Cf_ssp._urbiniana_USNA""",NA,NA,NA,NA,NA,NA,NA,NA,NA,NA,NA,NA,NA,NA,NA,NA,NA,NA,NA,NA,NA,NA,NA,NA,NA,NA,NA,NA,NA,NA,NA,NA,NA,NA,NA,NA,NA,NA,NA,NA,NA,NA,NA,NA,NA,NA,NA,NA,NA,NA,NA,NA,0.154045012,0.185012765,0.091912344,0.163102016
"""Cf_Super""",NA,NA,NA,NA,NA,NA,NA,NA,NA,NA,NA,NA,NA,NA,NA,NA,NA,NA,NA,NA,NA,NA,NA,NA,NA,NA,NA,NA,NA,NA,NA,NA,NA,NA,NA,NA,NA,NA,NA,NA,NA,NA,NA,NA,NA,NA,NA,NA,NA,NA,NA,NA,NA,0.092377073,0.069922481,0.074335486
"""Cf_Sweetwater_Red_USNA""",NA,NA,NA,NA,NA,NA,NA,NA,NA,NA,NA,NA,NA,NA,NA,NA,NA,NA,NA,NA,NA,NA,NA,NA,NA,NA,NA,NA,NA,NA,NA,NA,NA,NA,NA,NA,NA,NA,NA,NA,NA,NA,NA,NA,NA,NA,NA,NA,NA,NA,NA,NA,NA,NA,0.090033629,0.067972692
"""Cf_ssp._urbiniana_SpringMeadow""",NA,NA,NA,NA,NA,NA,NA,NA,NA,NA,NA,NA,NA,NA,NA,NA,NA,NA,NA,NA,NA,NA,NA,NA,NA,NA,NA,NA,NA,NA,NA,NA,NA,NA,NA,NA,NA,NA,NA,NA,NA,NA,NA,NA,NA,NA,NA,NA,NA,NA,NA,NA,NA,NA,NA,0.071494607
"""Cf_Powell_Peach_(2)""",NA,NA,NA,NA,NA,NA,NA,NA,NA,NA,NA,NA,NA,NA,NA,NA,NA,NA,NA,NA,NA,NA,NA,NA,NA,NA,NA,NA,NA,NA,NA,NA,NA,NA,NA,NA,NA,NA,NA,NA,NA,NA,NA,NA,NA,NA,NA,NA,NA,NA,NA,NA,NA,NA,NA,NA
